{
  "val": {
    "acc": 0.9958762886597938,
    "f1_OR": 0.9957912457912458,
    "f1_CG": 0.9959579628132579,
    "roc_auc": 0.9992374988601612,
    "pr_auc": 0.9995325778150768
  },
  "test": {
    "acc": 0.9973498233215548,
    "f1_OR": 0.9973744092420794,
    "f1_CG": 0.9973247726056714,
    "roc_auc": 0.9997892138425568,
    "pr_auc": 0.999751699326009
  },
  "best_step": 1000,
  "train_runtime_s": 1167.4041130542755,
  "steps_per_s": 2.602,
  "peak_alloc_gb": 2.052307605743408,
  "peak_reserved_gb": 2.224609375
}