{
  "val": {
    "acc": 1.0,
    "f1_OR": 1.0,
    "f1_CG": 1.0,
    "roc_auc": 1.0,
    "pr_auc": 1.0
  },
  "test": {
    "acc": 0.9982332155477032,
    "f1_OR": 0.9982499124956248,
    "f1_CG": 0.9982161969318587,
    "roc_auc": 0.9999906345012984,
    "pr_auc": 0.9999904956827926
  },
  "best_step": 1300,
  "train_runtime_s": 1351.7408967018127,
  "steps_per_s": 2.247,
  "peak_alloc_gb": 2.0519886016845703,
  "peak_reserved_gb": 2.224609375
}