{
  "val": {
    "acc": 0.9987628865979381,
    "f1_OR": 0.9987368421052631,
    "f1_CG": 0.9987878787878788,
    "roc_auc": 0.9999938754928527,
    "pr_auc": 0.9999941472022886
  },
  "test": {
    "acc": 0.9984098939929329,
    "f1_OR": 0.998427398217718,
    "f1_CG": 0.9983919957119886,
    "roc_auc": 0.9999594161722932,
    "pr_auc": 0.9999589847169724
  },
  "best_step": 1200,
  "train_runtime_s": 1259.0490205287933,
  "steps_per_s": 2.413,
  "peak_alloc_gb": 2.0512914657592773,
  "peak_reserved_gb": 2.24609375
}