{
  "val": {
    "acc": 0.9962886597938144,
    "f1_OR": 0.9962137147665124,
    "f1_CG": 0.9963606955115245,
    "roc_auc": 0.9988305593852629,
    "pr_auc": 0.9951903960135884
  },
  "test": {
    "acc": 0.9943462897526502,
    "f1_OR": 0.9943938332165382,
    "f1_CG": 0.9942979330007128,
    "roc_auc": 0.9991720899147815,
    "pr_auc": 0.9977833352573019
  },
  "best_step": 2300,
  "train_runtime_s": 1912.1376690864563,
  "steps_per_s": 1.588,
  "peak_alloc_gb": 2.05126953125,
  "peak_reserved_gb": 2.24609375
}