{
  "val": {
    "acc": 0.9567188788128607,
    "f1_OR": 0.9561586638830898,
    "f1_CG": 0.9572649572649573,
    "roc_auc": 0.9924112046371515,
    "pr_auc": 0.9931962908714481
  },
  "test": {
    "acc": 0.9602543720190779,
    "f1_OR": 0.9610119563333911,
    "f1_CG": 0.9594667627454513,
    "roc_auc": 0.9927337659953437,
    "pr_auc": 0.9916117120042619
  },
  "best_step": 2800,
  "train_runtime_s": 9324.804705619812,
  "steps_per_s": 0.326,
  "peak_alloc_gb": 1.7047119140625,
  "peak_reserved_gb": 3.796875
}