{
  "val": {
    "acc": 0.9950515463917525,
    "f1_OR": 0.9949622166246851,
    "f1_CG": 0.9951377633711507,
    "roc_auc": 0.9989618960385327,
    "pr_auc": 0.9992746408085159
  },
  "test": {
    "acc": 0.996113074204947,
    "f1_OR": 0.9961484593837535,
    "f1_CG": 0.996077032810271,
    "roc_auc": 0.9989403874769047,
    "pr_auc": 0.9979870905247956
  },
  "best_step": 2800,
  "train_runtime_s": 1878.125325202942,
  "steps_per_s": 1.617,
  "peak_alloc_gb": 2.0519886016845703,
  "peak_reserved_gb": 2.224609375
}