{
  "val": {
    "acc": 0.9616652926628194,
    "f1_OR": 0.9616810877626699,
    "f1_CG": 0.9616494845360825,
    "roc_auc": 0.992928452579035,
    "pr_auc": 0.993701113575863
  },
  "test": {
    "acc": 0.9621974916092563,
    "f1_OR": 0.9630397236614853,
    "f1_CG": 0.9613159797541576,
    "roc_auc": 0.9940215486762247,
    "pr_auc": 0.9937014511389963
  },
  "best_step": 2700,
  "train_runtime_s": 9385.798615217209,
  "steps_per_s": 0.323,
  "peak_alloc_gb": 1.7070627212524414,
  "peak_reserved_gb": 4.8984375
}