{
  "val": {
    "acc": 0.9962886597938144,
    "f1_OR": 0.9962073324905183,
    "f1_CG": 0.9963665724666936,
    "roc_auc": 0.9975052840886665,
    "pr_auc": 0.9912384492911119
  },
  "test": {
    "acc": 0.9957597173144876,
    "f1_OR": 0.9957983193277311,
    "f1_CG": 0.9957203994293866,
    "roc_auc": 0.9997715442683397,
    "pr_auc": 0.9997982097650983
  },
  "best_step": 700,
  "train_runtime_s": 954.7942135334015,
  "steps_per_s": 3.182,
  "peak_alloc_gb": 2.0512914657592773,
  "peak_reserved_gb": 2.24609375
}