{
  "val": {
    "acc": 0.9888705688375927,
    "f1_OR": 0.9888013272501037,
    "f1_CG": 0.9889389594428513,
    "roc_auc": 0.9979581960349309,
    "pr_auc": 0.9975613060037007
  },
  "test": {
    "acc": 0.9883412824589295,
    "f1_OR": 0.9885970974429855,
    "f1_CG": 0.9880737260571015,
    "roc_auc": 0.9980104716095842,
    "pr_auc": 0.9973860556951661
  },
  "best_step": 1100,
  "train_runtime_s": 2680.631324529648,
  "steps_per_s": 1.133,
  "peak_alloc_gb": 2.0285701751708984,
  "peak_reserved_gb": 6.064453125
}