{
  "val": {
    "acc": 0.9789777411376752,
    "f1_OR": 0.9787234042553191,
    "f1_CG": 0.9792260692464358,
    "roc_auc": 0.9965614226833274,
    "pr_auc": 0.9969795387136641
  },
  "test": {
    "acc": 0.979685567920862,
    "f1_OR": 0.9800796812749004,
    "f1_CG": 0.9792755451432691,
    "roc_auc": 0.9972465941167259,
    "pr_auc": 0.9972316881016208
  },
  "best_step": 1100,
  "train_runtime_s": 2607.2318654060364,
  "steps_per_s": 1.165,
  "peak_alloc_gb": 1.8330574035644531,
  "peak_reserved_gb": 3.931640625
}