{
  "val": {
    "acc": 0.9756801319043693,
    "f1_OR": 0.9754064193413923,
    "f1_CG": 0.9759478189971463,
    "roc_auc": 0.9941118016812938,
    "pr_auc": 0.993566877670743
  },
  "test": {
    "acc": 0.9772125066242713,
    "f1_OR": 0.9777317452097359,
    "f1_CG": 0.9766684753119913,
    "roc_auc": 0.995075790784614,
    "pr_auc": 0.9944505602099925
  },
  "best_step": 2800,
  "train_runtime_s": 4308.157997131348,
  "steps_per_s": 0.705,
  "peak_alloc_gb": 2.0359721183776855,
  "peak_reserved_gb": 4.841796875
}