{
  "val": {
    "acc": 0.9872217642209398,
    "f1_OR": 0.9871315898713159,
    "f1_CG": 0.9873106835857552,
    "roc_auc": 0.9969315166443725,
    "pr_auc": 0.9974320715327964
  },
  "test": {
    "acc": 0.9872813990461049,
    "f1_OR": 0.9875690607734806,
    "f1_CG": 0.9869801084990958,
    "roc_auc": 0.9984309070840722,
    "pr_auc": 0.9979251616626327
  },
  "best_step": 1500,
  "train_runtime_s": 3240.8065469264984,
  "steps_per_s": 0.937,
  "peak_alloc_gb": 2.0359721183776855,
  "peak_reserved_gb": 4.099609375
}