{
  "val": {
    "acc": 0.9773289365210223,
    "f1_OR": 0.9772633319553534,
    "f1_CG": 0.9773941635840526,
    "roc_auc": 0.9941515638423978,
    "pr_auc": 0.9947315316117199
  },
  "test": {
    "acc": 0.9777424483306836,
    "f1_OR": 0.978328173374613,
    "f1_CG": 0.9771241830065359,
    "roc_auc": 0.9949841229877108,
    "pr_auc": 0.9942893427471831
  },
  "best_step": 2600,
  "train_runtime_s": 4082.950808286667,
  "steps_per_s": 0.744,
  "peak_alloc_gb": 1.7478446960449219,
  "peak_reserved_gb": 3.841796875
}