{
  "val": {
    "acc": 0.5255775577557755,
    "f1_OR": 0.576271186440678,
    "f1_CG": 0.4611059044048735,
    "roc_auc": 0.5124892779827631,
    "pr_auc": 0.5096355881931004
  },
  "test": {
    "acc": 0.4931119745672907,
    "f1_OR": 0.5431391276663483,
    "f1_CG": 0.4307814359381198,
    "roc_auc": 0.48950831339456213,
    "pr_auc": 0.491385044247574
  },
  "best_step": 700,
  "train_runtime_s": 908.6867496967316,
  "steps_per_s": 1.672,
  "peak_alloc_gb": 2.0519652366638184,
  "peak_reserved_gb": 2.240234375
}