{
  "val": {
    "acc": 0.9793899422918384,
    "f1_OR": 0.9793217535153019,
    "f1_CG": 0.9794576828266228,
    "roc_auc": 0.9975303279936489,
    "pr_auc": 0.997670635908658
  },
  "test": {
    "acc": 0.9775658010952128,
    "f1_OR": 0.9780769894700501,
    "f1_CG": 0.9770302043769217,
    "roc_auc": 0.9977157359138193,
    "pr_auc": 0.9974124229796787
  },
  "best_step": 1900,
  "train_runtime_s": 3750.4678194522858,
  "steps_per_s": 0.81,
  "peak_alloc_gb": 2.034008502960205,
  "peak_reserved_gb": 5.220703125
}