{
  "val": {
    "acc": 0.9995876288659794,
    "f1_OR": 0.9995785924989464,
    "f1_CG": 0.9995962858296327,
    "roc_auc": 0.999999319499206,
    "pr_auc": 0.9999993480593684
  },
  "test": {
    "acc": 0.9966431095406361,
    "f1_OR": 0.996669588080631,
    "f1_CG": 0.9966162065894925,
    "roc_auc": 0.9999311323662146,
    "pr_auc": 0.9999254314570442
  },
  "best_step": 500,
  "train_runtime_s": 859.9065062999725,
  "steps_per_s": 3.534,
  "peak_alloc_gb": 2.052307605743408,
  "peak_reserved_gb": 2.265625
}