{
  "val": {
    "acc": 0.9971134020618557,
    "f1_OR": 0.9970526315789474,
    "f1_CG": 0.9971717171717172,
    "roc_auc": 0.9996315088199709,
    "pr_auc": 0.9997177979435349
  },
  "test": {
    "acc": 0.9971731448763251,
    "f1_OR": 0.9971978984238179,
    "f1_CG": 0.9971479500891266,
    "roc_auc": 0.9996345582406649,
    "pr_auc": 0.9995307668670522
  },
  "best_step": 1300,
  "train_runtime_s": 1336.5234937667847,
  "steps_per_s": 2.273,
  "peak_alloc_gb": 2.0519886016845703,
  "peak_reserved_gb": 2.224609375
}