{
  "val": {
    "acc": 0.9657873042044518,
    "f1_OR": 0.965659908978072,
    "f1_CG": 0.9659137577002054,
    "roc_auc": 0.9946062798386132,
    "pr_auc": 0.9948562672954331
  },
  "test": {
    "acc": 0.9704999116763823,
    "f1_OR": 0.971142215310178,
    "f1_CG": 0.9698283649503162,
    "roc_auc": 0.9955193929843412,
    "pr_auc": 0.9953262056273482
  },
  "best_step": 2800,
  "train_runtime_s": 9351.845256567001,
  "steps_per_s": 0.325,
  "peak_alloc_gb": 1.7452831268310547,
  "peak_reserved_gb": 5.697265625
}