{
  "val": {
    "acc": 0.97320692497939,
    "f1_OR": 0.9732400164676822,
    "f1_CG": 0.9731737515476682,
    "roc_auc": 0.996728287820952,
    "pr_auc": 0.9968373272725959
  },
  "test": {
    "acc": 0.9750927397986221,
    "f1_OR": 0.9757189598760118,
    "f1_CG": 0.9744333635539438,
    "roc_auc": 0.996967094757776,
    "pr_auc": 0.9967962394743243
  },
  "best_step": 2400,
  "train_runtime_s": 9977.965505838394,
  "steps_per_s": 0.304,
  "peak_alloc_gb": 1.830495834350586,
  "peak_reserved_gb": 5.787109375
}