{
  "val": {
    "acc": 0.9845077461269365,
    "f1_OR": 0.9845847836897066,
    "f1_CG": 0.9844299347061778,
    "roc_auc": 0.9958336163870096,
    "pr_auc": 0.9927230188518725
  },
  "test": {
    "acc": 0.9803040034253907,
    "f1_OR": 0.9803334758443779,
    "f1_CG": 0.9802744425385935,
    "roc_auc": 0.9974600123126474,
    "pr_auc": 0.9975861188548715
  },
  "best_step": 900,
  "train_runtime_s": 1049.5260107517242,
  "steps_per_s": 2.386,
  "peak_alloc_gb": 2.0544328689575195,
  "peak_reserved_gb": 2.22265625
}