{
  "val": {
    "acc": 0.9872217642209398,
    "f1_OR": 0.9871422646204894,
    "f1_CG": 0.9873002867677182,
    "roc_auc": 0.9968118903135297,
    "pr_auc": 0.9960668838957487
  },
  "test": {
    "acc": 0.9874580462815757,
    "f1_OR": 0.9877353601658317,
    "f1_CG": 0.9871679016808241,
    "roc_auc": 0.99731659384447,
    "pr_auc": 0.9946517239601076
  },
  "best_step": 2200,
  "train_runtime_s": 4441.161801815033,
  "steps_per_s": 0.684,
  "peak_alloc_gb": 2.0299739837646484,
  "peak_reserved_gb": 3.6015625
}