{
  "val": {
    "acc": 0.9896949711459192,
    "f1_OR": 0.9896394529631165,
    "f1_CG": 0.989749897498975,
    "roc_auc": 0.996388780137679,
    "pr_auc": 0.9970321479195294
  },
  "test": {
    "acc": 0.9886945769298711,
    "f1_OR": 0.9889426399447132,
    "f1_CG": 0.9884351282977955,
    "roc_auc": 0.9972614557895209,
    "pr_auc": 0.9955025864918405
  },
  "best_step": 2200,
  "train_runtime_s": 5856.678457021713,
  "steps_per_s": 0.518,
  "peak_alloc_gb": 2.0285701751708984,
  "peak_reserved_gb": 6.064453125
}