{
  "val": {
    "acc": 0.9653751030502885,
    "f1_OR": 0.9647946353730092,
    "f1_CG": 0.9659367396593674,
    "roc_auc": 0.9948329581416592,
    "pr_auc": 0.9954533635273123
  },
  "test": {
    "acc": 0.9696166754990284,
    "f1_OR": 0.970293609671848,
    "f1_CG": 0.9689081706435285,
    "roc_auc": 0.9953514810593601,
    "pr_auc": 0.9946751834306982
  },
  "best_step": 2800,
  "train_runtime_s": 9374.87837934494,
  "steps_per_s": 0.324,
  "peak_alloc_gb": 1.7478446960449219,
  "peak_reserved_gb": 3.841796875
}