{
  "val": {
    "acc": 0.991353001017294,
    "f1_OR": 0.991546494281452,
    "f1_CG": 0.9911504424778761,
    "roc_auc": 0.9964264745322885,
    "pr_auc": 0.9943724504011217
  },
  "test": {
    "acc": 0.9936791630340017,
    "f1_OR": 0.9938073884262225,
    "f1_CG": 0.9935455152459381,
    "roc_auc": 0.9984123444779072,
    "pr_auc": 0.9989537547796234
  },
  "best_step": 1200,
  "train_runtime_s": 1257.8634281158447,
  "steps_per_s": 1.957,
  "peak_alloc_gb": 2.0515284538269043,
  "peak_reserved_gb": 2.23046875
}