{
  "val": {
    "acc": 0.9699093157460841,
    "f1_OR": 0.9694432817078276,
    "f1_CG": 0.9703613479496549,
    "roc_auc": 0.9949712760866964,
    "pr_auc": 0.9954064157475061
  },
  "test": {
    "acc": 0.9708532061473238,
    "f1_OR": 0.9715271786022434,
    "f1_CG": 0.9701465532838791,
    "roc_auc": 0.9954288491794983,
    "pr_auc": 0.9948080125191661
  },
  "best_step": 2300,
  "train_runtime_s": 4004.64071059227,
  "steps_per_s": 0.758,
  "peak_alloc_gb": 1.7047119140625,
  "peak_reserved_gb": 3.796875
}