{
  "val": {
    "acc": 0.9492992580379225,
    "f1_OR": 0.9493201483312732,
    "f1_CG": 0.9492783505154639,
    "roc_auc": 0.991111627679358,
    "pr_auc": 0.9919747713408344
  },
  "test": {
    "acc": 0.9577813107224872,
    "f1_OR": 0.9586719695659692,
    "f1_CG": 0.9568514172233256,
    "roc_auc": 0.9919360438526751,
    "pr_auc": 0.9914383131505242
  },
  "best_step": 3000,
  "train_runtime_s": 3926.1253719329834,
  "steps_per_s": 0.773,
  "peak_alloc_gb": 1.7021503448486328,
  "peak_reserved_gb": 5.65234375
}