{
  "val": {
    "acc": 0.9843363561417972,
    "f1_OR": 0.9841402337228714,
    "f1_CG": 0.9845276872964169,
    "roc_auc": 0.9974548818418105,
    "pr_auc": 0.9969969661505921
  },
  "test": {
    "acc": 0.9814520402755696,
    "f1_OR": 0.9817168727146091,
    "f1_CG": 0.9811794228356336,
    "roc_auc": 0.997528528791806,
    "pr_auc": 0.9963250133002342
  },
  "best_step": 1800,
  "train_runtime_s": 3548.0641701221466,
  "steps_per_s": 0.856,
  "peak_alloc_gb": 1.830495834350586,
  "peak_reserved_gb": 5.91015625
}