{
  "val": {
    "acc": 0.9694971145919209,
    "f1_OR": 0.9692946058091286,
    "f1_CG": 0.9696969696969697,
    "roc_auc": 0.9956496117581808,
    "pr_auc": 0.9959444115707041
  },
  "test": {
    "acc": 0.9712065006182653,
    "f1_OR": 0.9717846633200623,
    "f1_CG": 0.9706041478809738,
    "roc_auc": 0.9965057584611,
    "pr_auc": 0.9961602965834015
  },
  "best_step": 2500,
  "train_runtime_s": 9920.164605140686,
  "steps_per_s": 0.306,
  "peak_alloc_gb": 1.7501955032348633,
  "peak_reserved_gb": 4.943359375
}