{
  "val": {
    "acc": 0.9850458273034249,
    "f1_OR": 0.9841755997958141,
    "f1_CG": 0.9858253315043438,
    "roc_auc": 0.9951155283724091,
    "pr_auc": 0.9943461083868079
  },
  "test": {
    "acc": 0.9830508474576272,
    "f1_OR": 0.9829875518672199,
    "f1_CG": 0.9831136738056013,
    "roc_auc": 0.9962424486239829,
    "pr_auc": 0.9937661213302308
  },
  "best_step": 1100,
  "train_runtime_s": 1182.2714476585388,
  "steps_per_s": 2.194,
  "peak_alloc_gb": 2.054859161376953,
  "peak_reserved_gb": 2.244140625
}