{
  "name": "m1_on_1p2b",
  "csv": "dataset/sota_fakes_1p2b_norm.csv",
  "n": 20216,
  "mean_p_CG": 0.8485754702263055,
  "flag_rate_CG": 0.8516521567075583,
  "n_pos": 20216,
  "n_neg": 0,
  "accuracy": 0.8516521567075583,
  "f1_CG": 0.9198835252317474,
  "recall_CG": 0.8516521567075583,
  "fpr": 0.0
}