{
  "name": "m1_on_1p2b",
  "csv": "dataset/sota_fakes_1p2b_norm.csv",
  "n": 20216,
  "mean_p_CG": 0.8397344132802655,
  "flag_rate_CG": 0.8425504550850811,
  "n_pos": 20216,
  "n_neg": 0,
  "accuracy": 0.8425504550850811,
  "f1_CG": 0.9145480415581626,
  "recall_CG": 0.8425504550850811,
  "fpr": 0.0
}