{
  "val": {
    "acc": 0.9703215169002474,
    "f1_OR": 0.9701492537313433,
    "f1_CG": 0.9704918032786886,
    "roc_auc": 0.9958045822322273,
    "pr_auc": 0.9958699302771046
  },
  "test": {
    "acc": 0.9715597950892069,
    "f1_OR": 0.9721018887541154,
    "f1_CG": 0.9709962168978562,
    "roc_auc": 0.9963887383988408,
    "pr_auc": 0.9961675796559639
  },
  "best_step": 2800,
  "train_runtime_s": 4008.3738827705383,
  "steps_per_s": 0.758,
  "peak_alloc_gb": 1.7021503448486328,
  "peak_reserved_gb": 5.775390625
}