{
  "val": {
    "acc": 0.9826875515251443,
    "f1_OR": 0.9825145711906744,
    "f1_CG": 0.9828571428571429,
    "roc_auc": 0.9974830891868672,
    "pr_auc": 0.9973482183741705
  },
  "test": {
    "acc": 0.9830418653948065,
    "f1_OR": 0.9833679833679834,
    "f1_CG": 0.9827027027027027,
    "roc_auc": 0.9980204626501185,
    "pr_auc": 0.9976135909068076
  },
  "best_step": 1000,
  "train_runtime_s": 2474.092923641205,
  "steps_per_s": 1.227,
  "peak_alloc_gb": 1.8354082107543945,
  "peak_reserved_gb": 5.033203125
}