{
  "val": {
    "acc": 0.9971134020618557,
    "f1_OR": 0.9970526315789474,
    "f1_CG": 0.9971717171717172,
    "roc_auc": 0.998436209175056,
    "pr_auc": 0.9986367815597839
  },
  "test": {
    "acc": 0.9969964664310954,
    "f1_OR": 0.9970264124540843,
    "f1_CG": 0.9969659111190434,
    "roc_auc": 0.9995055016685573,
    "pr_auc": 0.9994159282761412
  },
  "best_step": 1100,
  "train_runtime_s": 1219.6470594406128,
  "steps_per_s": 2.491,
  "peak_alloc_gb": 2.052307605743408,
  "peak_reserved_gb": 2.224609375
}