{
  "val": {
    "acc": 0.9789777411376752,
    "f1_OR": 0.978776529338327,
    "f1_CG": 0.9791751735402205,
    "roc_auc": 0.9977114667275674,
    "pr_auc": 0.9978244753636833
  },
  "test": {
    "acc": 0.9791556262144497,
    "f1_OR": 0.9794782608695652,
    "f1_CG": 0.9788226848528356,
    "roc_auc": 0.998037260087017,
    "pr_auc": 0.9978451956083956
  },
  "best_step": 2000,
  "train_runtime_s": 3797.9603402614594,
  "steps_per_s": 0.8,
  "peak_alloc_gb": 1.7501955032348633,
  "peak_reserved_gb": 4.943359375
}