{
  "val": {
    "acc": 0.9703215169002474,
    "f1_OR": 0.9701986754966887,
    "f1_CG": 0.9704433497536946,
    "roc_auc": 0.9950630349200135,
    "pr_auc": 0.9954400714924593
  },
  "test": {
    "acc": 0.9685567920862038,
    "f1_OR": 0.9692148045658942,
    "f1_CG": 0.967870036101083,
    "roc_auc": 0.9959142264174601,
    "pr_auc": 0.9956167052125177
  },
  "best_step": 1400,
  "train_runtime_s": 3323.1239755153656,
  "steps_per_s": 0.914,
  "peak_alloc_gb": 1.8354082107543945,
  "peak_reserved_gb": 5.033203125
}