{
  "val": {
    "acc": 0.9946391752577319,
    "f1_OR": 0.9944468175993165,
    "f1_CG": 0.9948186528497409,
    "roc_auc": 0.9989277693107078,
    "pr_auc": 0.9985275829600085
  },
  "test": {
    "acc": 0.9932850326912882,
    "f1_OR": 0.9932933286268972,
    "f1_CG": 0.9932767162066525,
    "roc_auc": 0.998470389559778,
    "pr_auc": 0.9962466390641789
  },
  "best_step": 1000,
  "train_runtime_s": 1296.6346249580383,
  "steps_per_s": 2.343,
  "peak_alloc_gb": 2.0527124404907227,
  "peak_reserved_gb": 2.224609375
}