{
  "val": {
    "acc": 0.9938144329896907,
    "f1_OR": 0.9935760171306209,
    "f1_CG": 0.9940357852882704,
    "roc_auc": 0.9991885913837463,
    "pr_auc": 0.9985854106089541
  },
  "test": {
    "acc": 0.9918713553631384,
    "f1_OR": 0.9918842625264643,
    "f1_CG": 0.991858407079646,
    "roc_auc": 0.9987190168324598,
    "pr_auc": 0.9984786457610554
  },
  "best_step": 800,
  "train_runtime_s": 1078.0867764949799,
  "steps_per_s": 2.818,
  "peak_alloc_gb": 2.0525827407836914,
  "peak_reserved_gb": 2.22265625
}