{
  "val": {
    "acc": 0.9872006606110653,
    "f1_OR": 0.9871315898713159,
    "f1_CG": 0.9872689938398357,
    "roc_auc": 0.9994468939789192,
    "pr_auc": 0.9994782821943468
  },
  "test": {
    "acc": 0.983197736116024,
    "f1_OR": 0.9838022165387894,
    "f1_CG": 0.9825463898585339,
    "roc_auc": 0.9981089402213218,
    "pr_auc": 0.9979724946363522
  },
  "best_step": 1000,
  "train_runtime_s": 1133.6975684165955,
  "steps_per_s": 2.676,
  "peak_alloc_gb": 2.050708293914795,
  "peak_reserved_gb": 2.2421875
}