{
  "val": {
    "acc": 0.9789777411376752,
    "f1_OR": 0.978776529338327,
    "f1_CG": 0.9791751735402205,
    "roc_auc": 0.9964190265679206,
    "pr_auc": 0.9950981165341952
  },
  "test": {
    "acc": 0.978978978978979,
    "f1_OR": 0.9793007479561663,
    "f1_CG": 0.9786470482684371,
    "roc_auc": 0.9972854967308066,
    "pr_auc": 0.9964347567768738
  },
  "best_step": 2600,
  "train_runtime_s": 4498.3288061618805,
  "steps_per_s": 0.675,
  "peak_alloc_gb": 2.0308284759521484,
  "peak_reserved_gb": 6.00390625
}