{
  "val": {
    "acc": 0.9863973619126134,
    "f1_OR": 0.9862557267805081,
    "f1_CG": 0.9865361077111383,
    "roc_auc": 0.9970198770023816,
    "pr_auc": 0.9972677230937093
  },
  "test": {
    "acc": 0.9865748101042219,
    "f1_OR": 0.986873920552677,
    "f1_CG": 0.9862617498192335,
    "roc_auc": 0.9985492384704019,
    "pr_auc": 0.9985278691574703
  },
  "best_step": 700,
  "train_runtime_s": 2108.3909385204315,
  "steps_per_s": 1.44,
  "peak_alloc_gb": 2.034008502960205,
  "peak_reserved_gb": 5.220703125
}