{
  "val": {
    "acc": 0.9946391752577319,
    "f1_OR": 0.994535519125683,
    "f1_CG": 0.9947389720760825,
    "roc_auc": 0.9991657060263789,
    "pr_auc": 0.9994287581407815
  },
  "test": {
    "acc": 0.9952296819787986,
    "f1_OR": 0.9952788949116979,
    "f1_CG": 0.9951794322442421,
    "roc_auc": 0.9997148517828665,
    "pr_auc": 0.999751566145878
  },
  "best_step": 2500,
  "train_runtime_s": 1974.463363647461,
  "steps_per_s": 1.538,
  "peak_alloc_gb": 2.052307605743408,
  "peak_reserved_gb": 2.224609375
}