{
  "val": {
    "acc": 0.9950515463917525,
    "f1_OR": 0.9948761742100769,
    "f1_CG": 0.9952153110047847,
    "roc_auc": 0.9997946792297101,
    "pr_auc": 0.999801415096046
  },
  "test": {
    "acc": 0.9924014843611946,
    "f1_OR": 0.9924362357080035,
    "f1_CG": 0.9923664122137404,
    "roc_auc": 0.9992922772534462,
    "pr_auc": 0.9990660284266751
  },
  "best_step": 500,
  "train_runtime_s": 808.0705075263977,
  "steps_per_s": 3.761,
  "peak_alloc_gb": 2.050717353820801,
  "peak_reserved_gb": 2.224609375
}