{
  "val": {
    "acc": 0.9958762886597938,
    "f1_OR": 0.9957912457912458,
    "f1_CG": 0.9959579628132579,
    "roc_auc": 0.9988666259273525,
    "pr_auc": 0.9981845209195229
  },
  "test": {
    "acc": 0.9957597173144876,
    "f1_OR": 0.9957924263674615,
    "f1_CG": 0.9957264957264957,
    "roc_auc": 0.9995322245581857,
    "pr_auc": 0.9993372064189225
  },
  "best_step": 600,
  "train_runtime_s": 945.5910604000092,
  "steps_per_s": 3.213,
  "peak_alloc_gb": 2.0519886016845703,
  "peak_reserved_gb": 2.1875
}