{
  "val": {
    "acc": 0.9835986493005306,
    "f1_OR": 0.9826883910386965,
    "f1_CG": 0.9844179651695693,
    "roc_auc": 0.994723930503747,
    "pr_auc": 0.9936927434365829
  },
  "test": {
    "acc": 0.9807771806531624,
    "f1_OR": 0.9808444902162718,
    "f1_CG": 0.9807093963907902,
    "roc_auc": 0.9937768065410482,
    "pr_auc": 0.9906439111555084
  },
  "best_step": 1900,
  "train_runtime_s": 1628.4297277927399,
  "steps_per_s": 1.593,
  "peak_alloc_gb": 2.054859161376953,
  "peak_reserved_gb": 2.24609375
}