{
  "generators": [
    "GPT2",
    "LFM",
    "DeepSeek",
    "GLM"
  ],
  "dataset_sha256": {
    "GPT2": "2a33ef8843fccbc8ab5afa5b536253935c8f8945fa4e94e4f22cb3f4115162e1",
    "LFM": "688ad99add8f038db7ee9a28619296e0719508728529358c49fb1c1258b49d7a",
    "DeepSeek": "e775ad7b897e294494378f66fb28d5cf3979c18864ad1037ec7c62211ba5e24d",
    "GLM": "c0ed6ea564f8be6fbd718dedc7ea918588f234e70316a544c8024c64d2f63e53"
  },
  "tfidf": {
    "recall_matrix": [
      [
        0.9406193078324225,
        0.011420413990007138,
        0.014275517487508922,
        0.006030507272082299
      ],
      [
        0.006557377049180328,
        0.9928622412562456,
        0.3804425410421128,
        0.3252926569705569
      ],
      [
        0.007285974499089253,
        0.820842255531763,
        0.9867951463240543,
        0.9514012061014544
      ],
      [
        0.0058287795992714025,
        0.8811563169164882,
        0.9607423269093505,
        0.983682156793189
      ]
    ],
    "fpr": {
      "GPT2": 0.04915778618081815,
      "LFM": 0.004548635409377187,
      "DeepSeek": 0.010146955913226032,
      "GLM": 0.01056338028169014
    }
  },
  "logo_tfidf": [
    {
      "held_out": "GPT2",
      "recall": 0.008378870673952642,
      "fpr": 0.016500515641113784
    },
    {
      "held_out": "LFM",
      "recall": 0.841541755888651,
      "fpr": 0.06403079076277117
    },
    {
      "held_out": "DeepSeek",
      "recall": 0.9232690935046396,
      "fpr": 0.05598320503848846
    },
    {
      "held_out": "GLM",
      "recall": 0.9038666193685704,
      "fpr": 0.060211267605633806
    }
  ],
  "rs_qlora": {
    "recall_matrix": [
      [
        0.9814207650273225,
        0.0033309540804187486,
        0.004877468474898882,
        0.001418942887548776
      ],
      [
        0.0008500303582270795,
        0.9980965976683321,
        0.533547466095646,
        0.4453115762090576
      ],
      [
        0.0026715239829993927,
        0.854865572210326,
        0.9978586723768736,
        0.9716211422490245
      ],
      [
        0.001578627808136005,
        0.9167261479895311,
        0.9820366404948846,
        0.9934965117654014
      ]
    ],
    "fpr": {
      "GPT2": 0.011802452159963332,
      "LFM": 0.0025658968975973873,
      "DeepSeek": 0.003615581992069046,
      "GLM": 0.00868544600938967
    },
    "seed_counts": {
      "GPT2": 3,
      "LFM": 3,
      "DeepSeek": 3,
      "GLM": 3
    },
    "run_ids": {
      "GPT2": [
        "xg_rs_r64_s1998_07120336",
        "xg_rs_r64_s7_07120504",
        "xg_rs_r64_s42_07120636"
      ],
      "LFM": [
        "xl_rs_r64_s1998_07120357",
        "xl_rs_r64_s7_07120532",
        "xl_rs_r64_s42_07120700"
      ],
      "DeepSeek": [
        "xd_rs_r64_s1998_07120420",
        "xd_rs_r64_s7_07120556",
        "xd_rs_r64_s42_07120716"
      ],
      "GLM": [
        "xglm_rs_r64_s1998_07120441",
        "xglm_rs_r64_s7_07120621",
        "xglm_rs_r64_s42_07120737"
      ]
    }
  },
  "logo_rs_qlora": [
    {
      "held_out": "GPT2",
      "recall": 0.001092896174863388,
      "fpr": 0.0048126503953248535,
      "run_ids": [
        "pwogpt2_rs_r64_s1998_07120757"
      ]
    },
    {
      "held_out": "LFM",
      "recall": 0.911134903640257,
      "fpr": 0.019244226731980407,
      "run_ids": [
        "pwolfm_rs_r64_s1998_07120820"
      ]
    },
    {
      "held_out": "DeepSeek",
      "recall": 0.951106352605282,
      "fpr": 0.021343596920923722,
      "run_ids": [
        "pwodeepseek_rs_r64_s1998_07120841"
      ]
    },
    {
      "held_out": "GLM",
      "recall": 0.9666548421426038,
      "fpr": 0.02007042253521127,
      "run_ids": [
        "pwoglm_rs_r64_s1998_07120910"
      ]
    }
  ]
}
