{
  "val": {
    "acc": 0.9727947238252267,
    "f1_OR": 0.9726141078838174,
    "f1_CG": 0.972972972972973,
    "roc_auc": 0.9964258235185366,
    "pr_auc": 0.9966604036543852
  },
  "test": {
    "acc": 0.9770358593888006,
    "f1_OR": 0.9775629962029686,
    "f1_CG": 0.9764833574529667,
    "roc_auc": 0.9971733473008081,
    "pr_auc": 0.996861589763536
  },
  "best_step": 2900,
  "train_runtime_s": 4022.80748295784,
  "steps_per_s": 0.755,
  "peak_alloc_gb": 1.7070627212524414,
  "peak_reserved_gb": 4.8984375
}