{
  "val": {
    "acc": 0.9958762886597938,
    "f1_OR": 0.9957912457912458,
    "f1_CG": 0.9959579628132579,
    "roc_auc": 0.9984368896758502,
    "pr_auc": 0.9948868491417405
  },
  "test": {
    "acc": 0.9977031802120141,
    "f1_OR": 0.9977228936766509,
    "f1_CG": 0.9976831224380681,
    "roc_auc": 0.9993706384872547,
    "pr_auc": 0.9987222607386926
  },
  "best_step": 1400,
  "train_runtime_s": 3683.270438671112,
  "steps_per_s": 0.824,
  "peak_alloc_gb": 2.026303291320801,
  "peak_reserved_gb": 3.34375
}