{
  "val": {
    "acc": 0.9872217642209398,
    "f1_OR": 0.9871529216742644,
    "f1_CG": 0.9872898728987289,
    "roc_auc": 0.9956013534088067,
    "pr_auc": 0.9944108559445745
  },
  "test": {
    "acc": 0.9863981628687511,
    "f1_OR": 0.9867080959779043,
    "f1_CG": 0.9860734310001809,
    "roc_auc": 0.9971289496144331,
    "pr_auc": 0.9970395410860715
  },
  "best_step": 1600,
  "train_runtime_s": 3717.8742768764496,
  "steps_per_s": 0.817,
  "peak_alloc_gb": 2.026646137237549,
  "peak_reserved_gb": 4.244140625
}