{
  "val": {
    "acc": 0.9954639175257732,
    "f1_OR": 0.9953684210526316,
    "f1_CG": 0.9955555555555555,
    "roc_auc": 0.997908480809197,
    "pr_auc": 0.9938196538833572
  },
  "test": {
    "acc": 0.9962897526501767,
    "f1_OR": 0.9963215974776668,
    "f1_CG": 0.9962573516307254,
    "roc_auc": 0.9994404426709104,
    "pr_auc": 0.9992257296511211
  },
  "best_step": 900,
  "train_runtime_s": 1144.7239184379578,
  "steps_per_s": 2.654,
  "peak_alloc_gb": 2.0512914657592773,
  "peak_reserved_gb": 2.24609375
}