{
  "val": {
    "acc": 0.971558120362737,
    "f1_OR": 0.9711899791231733,
    "f1_CG": 0.9719169719169719,
    "roc_auc": 0.9955483371940013,
    "pr_auc": 0.9960418262368627
  },
  "test": {
    "acc": 0.9752693870340929,
    "f1_OR": 0.9758370728339661,
    "f1_CG": 0.9746743849493488,
    "roc_auc": 0.9959708006844862,
    "pr_auc": 0.9954578021949227
  },
  "best_step": 2800,
  "train_runtime_s": 4605.886777639389,
  "steps_per_s": 0.659,
  "peak_alloc_gb": 1.8330574035644531,
  "peak_reserved_gb": 3.931640625
}