{
  "val": {
    "acc": 0.9798021434460017,
    "f1_OR": 0.9795748228428511,
    "f1_CG": 0.9800244598450877,
    "roc_auc": 0.99597484584516,
    "pr_auc": 0.9942278003751204
  },
  "test": {
    "acc": 0.9791556262144497,
    "f1_OR": 0.9794925269377824,
    "f1_CG": 0.9788074712643678,
    "roc_auc": 0.99716142049617,
    "pr_auc": 0.9964841695752598
  },
  "best_step": 2600,
  "train_runtime_s": 4084.201585292816,
  "steps_per_s": 0.743,
  "peak_alloc_gb": 1.7452831268310547,
  "peak_reserved_gb": 5.8203125
}