{
  "val": {
    "acc": 0.9876135425268373,
    "f1_OR": 0.987489574645538,
    "f1_CG": 0.9877350776778414,
    "roc_auc": 0.9957483810907305,
    "pr_auc": 0.994910148490403
  },
  "test": {
    "acc": 0.9860275910859568,
    "f1_OR": 0.9864191163830153,
    "f1_CG": 0.9856128209797851,
    "roc_auc": 0.9956603493585949,
    "pr_auc": 0.9959333428488695
  },
  "best_step": 1400,
  "train_runtime_s": 1542.6038007736206,
  "steps_per_s": 1.965,
  "peak_alloc_gb": 2.05080509185791,
  "peak_reserved_gb": 2.22265625
}