{
  "val": {
    "acc": 0.9896779521056978,
    "f1_OR": 0.9895528625156708,
    "f1_CG": 0.9898000815993472,
    "roc_auc": 0.9963942397861233,
    "pr_auc": 0.9976661831351948
  },
  "test": {
    "acc": 0.9856738592147153,
    "f1_OR": 0.9860896445131375,
    "f1_CG": 0.985232452142206,
    "roc_auc": 0.9970231196318692,
    "pr_auc": 0.9947397939456973
  },
  "best_step": 1400,
  "train_runtime_s": 1338.4876818656921,
  "steps_per_s": 2.265,
  "peak_alloc_gb": 2.050196647644043,
  "peak_reserved_gb": 2.224609375
}